{"1006-other": {"f0_median": 218.5664825439453, "f0_mean": 228.36831665039062, "f0_std": 35.845977783203125, "log_f0_median": 5.38709020614624, "log_f0_mean": 5.419426918029785, "log_f0_std": 0.14968831837177277, "energy_mean": 0.7816995978355408, "energy_std": 0.03809989243745804, "n_files": 100}, "111-other": {"f0_median": 238.348388671875, "f0_mean": 252.74876403808594, "f0_std": 58.33654022216797, "log_f0_median": 5.473733425140381, "log_f0_mean": 5.50944185256958, "log_f0_std": 0.20944112539291382, "energy_mean": 0.7814316153526306, "energy_std": 0.057492464780807495, "n_files": 100}, "123-other": {"f0_median": 190.27316284179688, "f0_mean": 200.58653259277344, "f0_std": 47.04120635986328, "log_f0_median": 5.24846076965332, "log_f0_mean": 5.276151180267334, "log_f0_std": 0.22116102278232574, "energy_mean": 0.7875367403030396, "energy_std": 0.05332621932029724, "n_files": 100}, "127-other": {"f0_median": 136.10671997070312, "f0_mean": 137.09825134277344, "f0_std": 21.843801498413086, "log_f0_median": 4.9134392738342285, "log_f0_mean": 4.907980918884277, "log_f0_std": 0.15993347764015198, "energy_mean": 0.7913001179695129, "energy_std": 0.05414005368947983, "n_files": 100}, "199-other": {"f0_median": 202.7552032470703, "f0_mean": 210.4986114501953, "f0_std": 46.9711799621582, "log_f0_median": 5.311999320983887, "log_f0_mean": 5.329502582550049, "log_f0_std": 0.19238543510437012, "energy_mean": 0.7676957845687866, "energy_std": 0.07857051491737366, "n_files": 100}, "243-other": {"f0_median": 202.7552032470703, "f0_mean": 210.8511505126953, "f0_std": 46.30185317993164, "log_f0_median": 5.311999320983887, "log_f0_mean": 5.328659534454346, "log_f0_std": 0.20986071228981018, "energy_mean": 0.7713574171066284, "energy_std": 0.0669541135430336, "n_files": 100}, "277-other": {"f0_median": 226.2741241455078, "f0_mean": 236.96478271484375, "f0_std": 50.656158447265625, "log_f0_median": 5.421747207641602, "log_f0_mean": 5.446744918823242, "log_f0_std": 0.2040325403213501, "energy_mean": 0.8005419969558716, "energy_std": 0.0582243949174881, "n_files": 100}, "310-other": {"f0_median": 194.72055053710938, "f0_mean": 193.4778594970703, "f0_std": 44.832008361816406, "log_f0_median": 5.2715654373168945, "log_f0_mean": 5.236796855926514, "log_f0_std": 0.24721504747867584, "energy_mean": 0.7987436652183533, "energy_std": 0.05917743220925331, "n_files": 100}, "3196-other": {"f0_median": 223.6751708984375, "f0_mean": 238.4459686279297, "f0_std": 63.32821273803711, "log_f0_median": 5.4101948738098145, "log_f0_mean": 5.449779987335205, "log_f0_std": 0.20543541014194489, "energy_mean": 0.7900129556655884, "energy_std": 0.05099136382341385, "n_files": 100}, "331-other": {"f0_median": 148.42547607421875, "f0_mean": 154.61309814453125, "f0_std": 40.42424392700195, "log_f0_median": 5.000082969665527, "log_f0_mean": 5.009347915649414, "log_f0_std": 0.24771511554718018, "energy_mean": 0.776846170425415, "energy_std": 0.06652811169624329, "n_files": 100}, "3848-other": {"f0_median": 227.5849609375, "f0_mean": 235.5299072265625, "f0_std": 43.58856201171875, "log_f0_median": 5.427523612976074, "log_f0_mean": 5.444943428039551, "log_f0_std": 0.1852899193763733, "energy_mean": 0.7846550941467285, "energy_std": 0.06111694499850273, "n_files": 100}, "392-other": {"f0_median": 208.6963653564453, "f0_mean": 218.89120483398438, "f0_std": 50.06492614746094, "log_f0_median": 5.340880393981934, "log_f0_mean": 5.36489200592041, "log_f0_std": 0.21424858272075653, "energy_mean": 0.7978507876396179, "energy_std": 0.04388079792261124, "n_files": 100}, "470-other": {"f0_median": 115.78153991699219, "f0_mean": 121.68500518798828, "f0_std": 33.89690017700195, "log_f0_median": 4.751705169677734, "log_f0_mean": 4.777143478393555, "log_f0_std": 0.20542193949222565, "energy_mean": 0.7846158146858215, "energy_std": 0.06942389905452728, "n_files": 100}, "505-other": {"f0_median": 144.20010375976562, "f0_mean": 160.73300170898438, "f0_std": 64.3777084350586, "log_f0_median": 4.9712018966674805, "log_f0_mean": 5.024366855621338, "log_f0_std": 0.31122952699661255, "energy_mean": 0.799393355846405, "energy_std": 0.05549120157957077, "n_files": 100}, "57-other": {"f0_median": 217.30758666992188, "f0_mean": 225.40740966796875, "f0_std": 43.831172943115234, "log_f0_median": 5.381313800811768, "log_f0_mean": 5.400652885437012, "log_f0_std": 0.18275006115436554, "energy_mean": 0.7876566648483276, "energy_std": 0.05508372560143471, "n_files": 100}, "58-other": {"f0_median": 105.56063842773438, "f0_mean": 108.05300903320312, "f0_std": 19.42384910583496, "log_f0_median": 4.659285545349121, "log_f0_mean": 4.670945644378662, "log_f0_std": 0.14672788977622986, "energy_mean": 0.7912046909332275, "energy_std": 0.05856403708457947, "n_files": 100}, "66-other": {"f0_median": 104.95263671875, "f0_mean": 135.0995330810547, "f0_std": 108.65076446533203, "log_f0_median": 4.653509140014648, "log_f0_mean": 4.768994331359863, "log_f0_std": 0.4245346188545227, "energy_mean": 0.7852944135665894, "energy_std": 0.05432911962270737, "n_files": 100}, "75-other": {"f0_median": 129.96035766601562, "f0_mean": 133.92837524414062, "f0_std": 28.462108612060547, "log_f0_median": 4.867229461669922, "log_f0_mean": 4.876338005065918, "log_f0_std": 0.20226514339447021, "energy_mean": 0.8017637729644775, "energy_std": 0.06371571868658066, "n_files": 100}, "766-other": {"f0_median": 114.45169067382812, "f0_mean": 120.14288330078125, "f0_std": 22.098527908325195, "log_f0_median": 4.740152835845947, "log_f0_mean": 4.773320198059082, "log_f0_std": 0.1716890186071396, "energy_mean": 0.7833232879638672, "energy_std": 0.07271813601255417, "n_files": 100}, "94-other": {"f0_median": 101.96484375, "f0_mean": 105.04186248779297, "f0_std": 19.494226455688477, "log_f0_median": 4.624628067016602, "log_f0_mean": 4.638195037841797, "log_f0_std": 0.1773778200149536, "energy_mean": 0.7909181714057922, "energy_std": 0.06058129295706749, "n_files": 100}}