{"ED-00801-other": {"f0_median": 116.45227813720703, "f0_mean": 117.97657012939453, "f0_std": 13.6356840133667, "log_f0_median": 4.757481575012207, "log_f0_mean": 4.763881206512451, "log_f0_std": 0.11494173854589462, "energy_mean": 0.8034101128578186, "energy_std": 0.043897297233343124, "n_files": 100}, "ED-01493-other": {"f0_median": 114.45169067382812, "f0_mean": 116.18765258789062, "f0_std": 11.186676025390625, "log_f0_median": 4.740152835845947, "log_f0_mean": 4.7508649826049805, "log_f0_std": 0.09186208993196487, "energy_mean": 0.8039678931236267, "energy_std": 0.0496407188475132, "n_files": 100}, "ED-02262-other": {"f0_median": 219.83255004882812, "f0_mean": 220.62167358398438, "f0_std": 29.15106964111328, "log_f0_median": 5.392866134643555, "log_f0_mean": 5.384757041931152, "log_f0_std": 0.16699738800525665, "energy_mean": 0.7990923523902893, "energy_std": 0.05688176304101944, "n_files": 100}, "ED-05272-other": {"f0_median": 127.72776794433594, "f0_mean": 131.15359497070312, "f0_std": 21.602067947387695, "log_f0_median": 4.84990119934082, "log_f0_mean": 4.863259792327881, "log_f0_std": 0.16098371148109436, "energy_mean": 0.7956663966178894, "energy_std": 0.05369821563363075, "n_files": 100}, "ED-05351-other": {"f0_median": 113.79248046875, "f0_mean": 113.72097778320312, "f0_std": 7.871365547180176, "log_f0_median": 4.734376430511475, "log_f0_mean": 4.731349468231201, "log_f0_std": 0.0693577378988266, "energy_mean": 0.7989479303359985, "energy_std": 0.058016061782836914, "n_files": 100}, "ED-08327-other": {"f0_median": 192.4840087890625, "f0_mean": 194.4288330078125, "f0_std": 20.166542053222656, "log_f0_median": 5.260013103485107, "log_f0_mean": 5.264476299285889, "log_f0_std": 0.1077369749546051, "energy_mean": 0.8043429851531982, "energy_std": 0.04211253672838211, "n_files": 100}, "ED-09171-other": {"f0_median": 206.29920959472656, "f0_mean": 207.9202423095703, "f0_std": 27.711097717285156, "log_f0_median": 5.329327583312988, "log_f0_mean": 5.327076435089111, "log_f0_std": 0.1491001695394516, "energy_mean": 0.7903192639350891, "energy_std": 0.06824694573879242, "n_files": 100}, "ED-09185-other": {"f0_median": 115.11466979980469, "f0_mean": 115.75630950927734, "f0_std": 13.387749671936035, "log_f0_median": 4.745928764343262, "log_f0_mean": 4.744836330413818, "log_f0_std": 0.11543232947587967, "energy_mean": 0.7867908477783203, "energy_std": 0.05645778030157089, "n_files": 100}, "ED-10092-other": {"f0_median": 184.85647583007812, "f0_mean": 183.85885620117188, "f0_std": 28.485790252685547, "log_f0_median": 5.219579696655273, "log_f0_mean": 5.2006916999816895, "log_f0_std": 0.17013809084892273, "energy_mean": 0.7961090207099915, "energy_std": 0.05049901083111763, "n_files": 100}, "ED-10114-other": {"f0_median": 115.78153991699219, "f0_mean": 118.16551971435547, "f0_std": 12.970555305480957, "log_f0_median": 4.751705169677734, "log_f0_mean": 4.766354560852051, "log_f0_std": 0.10592642426490784, "energy_mean": 0.7994716167449951, "energy_std": 0.05002579465508461, "n_files": 100}, "hui-berndungerer-00801-other": {"f0_median": 118.48777770996094, "f0_mean": 119.90775299072266, "f0_std": 14.852027893066406, "log_f0_median": 4.774809837341309, "log_f0_mean": 4.779094696044922, "log_f0_std": 0.12370055913925171, "energy_mean": 0.7888935804367065, "energy_std": 0.05352744460105896, "n_files": 100}, "hui-berndungerer-01493-other": {"f0_median": 116.45227813720703, "f0_mean": 118.41548919677734, "f0_std": 13.460440635681152, "log_f0_median": 4.757481575012207, "log_f0_mean": 4.768109321594238, "log_f0_std": 0.108988918364048, "energy_mean": 0.7963523864746094, "energy_std": 0.05541110038757324, "n_files": 100}, "hui-berndungerer-02262-other": {"f0_median": 217.30758666992188, "f0_mean": 217.19993591308594, "f0_std": 35.97871398925781, "log_f0_median": 5.381313800811768, "log_f0_mean": 5.362152099609375, "log_f0_std": 0.21158002316951752, "energy_mean": 0.7867529988288879, "energy_std": 0.06737694144248962, "n_files": 100}, "hui-berndungerer-05272-other": {"f0_median": 121.95978546142578, "f0_mean": 126.58417510986328, "f0_std": 22.275667190551758, "log_f0_median": 4.803691387176514, "log_f0_mean": 4.826484203338623, "log_f0_std": 0.16748304665088654, "energy_mean": 0.7867740988731384, "energy_std": 0.06646458804607391, "n_files": 100}, "hui-berndungerer-05351-other": {"f0_median": 115.78153991699219, "f0_mean": 115.9196548461914, "f0_std": 8.856483459472656, "log_f0_median": 4.751705169677734, "log_f0_mean": 4.74998140335083, "log_f0_std": 0.07644136995077133, "energy_mean": 0.7910111546516418, "energy_std": 0.06758560240268707, "n_files": 100}, "hui-berndungerer-08327-other": {"f0_median": 181.6807403564453, "f0_mean": 185.06912231445312, "f0_std": 22.105148315429688, "log_f0_median": 5.202250957489014, "log_f0_mean": 5.213602066040039, "log_f0_std": 0.12047217786312103, "energy_mean": 0.7906878590583801, "energy_std": 0.05757414922118187, "n_files": 100}, "hui-berndungerer-09171-other": {"f0_median": 200.42628479003906, "f0_mean": 199.91209411621094, "f0_std": 39.91835403442383, "log_f0_median": 5.300446510314941, "log_f0_mean": 5.271846771240234, "log_f0_std": 0.248172327876091, "energy_mean": 0.7803982496261597, "energy_std": 0.07325291633605957, "n_files": 100}, "hui-berndungerer-09185-other": {"f0_median": 114.45169067382812, "f0_mean": 114.05770874023438, "f0_std": 14.129327774047852, "log_f0_median": 4.740152835845947, "log_f0_mean": 4.7289719581604, "log_f0_std": 0.12493574619293213, "energy_mean": 0.7806316018104553, "energy_std": 0.06643102318048477, "n_files": 100}, "hui-berndungerer-10092-other": {"f0_median": 185.92727661132812, "f0_mean": 186.08912658691406, "f0_std": 30.337221145629883, "log_f0_median": 5.225355625152588, "log_f0_mean": 5.211016654968262, "log_f0_std": 0.18233636021614075, "energy_mean": 0.7880455851554871, "energy_std": 0.05541167035698891, "n_files": 100}, "hui-berndungerer-10114-other": {"f0_median": 116.45227813720703, "f0_mean": 118.81038665771484, "f0_std": 15.535575866699219, "log_f0_median": 4.757481575012207, "log_f0_mean": 4.769515037536621, "log_f0_std": 0.1249568834900856, "energy_mean": 0.7917054891586304, "energy_std": 0.06034519523382187, "n_files": 100}, "ljs-00801-other": {"f0_median": 121.25733184814453, "f0_mean": 124.7365951538086, "f0_std": 18.186309814453125, "log_f0_median": 4.797914981842041, "log_f0_mean": 4.816113471984863, "log_f0_std": 0.1406233310699463, "energy_mean": 0.8025562763214111, "energy_std": 0.04622494801878929, "n_files": 100}, "ljs-01493-other": {"f0_median": 117.12684631347656, "f0_mean": 121.86180114746094, "f0_std": 18.893095016479492, "log_f0_median": 4.7632575035095215, "log_f0_mean": 4.792404651641846, "log_f0_std": 0.14065520465373993, "energy_mean": 0.8119794726371765, "energy_std": 0.04255785793066025, "n_files": 100}, "ljs-02262-other": {"f0_median": 224.970947265625, "f0_mean": 233.24310302734375, "f0_std": 34.42506408691406, "log_f0_median": 5.415971279144287, "log_f0_mean": 5.4418439865112305, "log_f0_std": 0.1417788714170456, "energy_mean": 0.8032358884811401, "energy_std": 0.047731827944517136, "n_files": 100}, "ljs-05272-other": {"f0_median": 133.7684783935547, "f0_mean": 139.63043212890625, "f0_std": 30.651241302490234, "log_f0_median": 4.896110534667969, "log_f0_mean": 4.916881561279297, "log_f0_std": 0.20685702562332153, "energy_mean": 0.8013120889663696, "energy_std": 0.052460379898548126, "n_files": 100}, "ljs-05351-other": {"f0_median": 117.80537414550781, "f0_mean": 118.45023345947266, "f0_std": 10.309739112854004, "log_f0_median": 4.769033908843994, "log_f0_mean": 4.7707648277282715, "log_f0_std": 0.08612513542175293, "energy_mean": 0.8074806332588196, "energy_std": 0.05163245275616646, "n_files": 100}, "ljs-08327-other": {"f0_median": 192.4840087890625, "f0_mean": 198.7125701904297, "f0_std": 32.12982940673828, "log_f0_median": 5.260013103485107, "log_f0_mean": 5.279414653778076, "log_f0_std": 0.15728509426116943, "energy_mean": 0.8076016306877136,